SNP,Gene,Chr,Start,End,GO_definition,IPR,Pfam
CE10_chr1_10283002,NA,NA,NA,NA,NA,NA,NA
CE10_chr1_10285837,CE10_Chr100001563,CE10_chr1,10285391,10288859,GO:0005525 (GTP binding),IPR006073:GTP_binding_domain,PF01926:50S_ribosome_binding_GTPase
CE10_chr1_10286597,CE10_Chr100001563,CE10_chr1,10285391,10288859,GO:0005525 (GTP binding),IPR006073:GTP_binding_domain,PF01926:50S_ribosome_binding_GTPase
CE10_chr1_10287740,CE10_Chr100001563,CE10_chr1,10285391,10288859,GO:0005525 (GTP binding),IPR006073:GTP_binding_domain,PF01926:50S_ribosome_binding_GTPase
CE10_chr1_10289190,NA,NA,NA,NA,NA,NA,NA
CE10_chr1_10353688,NA,NA,NA,NA,NA,NA,NA
CE10_chr1_10358842,CE10_Chr100001573,CE10_chr1,10354370,10361546,GO:0005975 (carbohydrate metabolic process) | GO:0016758 (hexosyltransferase activity) | GO:0030259 (lipid glycosylation),IPR004276:Glycosyltransferase_family_28_N_terminal_domain,PF03033:Glycosyltransferase_family_28_N_terminal_domain
CE10_chr1_10420560,NA,NA,NA,NA,NA,NA,NA
CE10_chr1_10682650,NA,NA,NA,NA,NA,NA,NA
CE10_chr1_12171428,NA,NA,NA,NA,NA,NA,NA
CE10_chr1_12559035,NA,NA,NA,NA,NA,NA,NA
CE10_chr1_13581631,NA,NA,NA,NA,NA,NA,NA
CE10_chr1_1722642,NA,NA,NA,NA,NA,NA,NA
CE10_chr1_17718772,NA,NA,NA,NA,NA,NA,NA
CE10_chr1_21249099,CE10_Chr100002372,CE10_chr1,21247609,21251368,,IPR032828:tRNA_nucleotidyltransferase/poly(A)_polymerase_RNA_and_SrmB__binding_domain,PF12627:Probable_RNA_and_SrmB__binding_site_of_polymerase_A
CE10_chr1_2508598,NA,NA,NA,NA,NA,NA,NA
CE10_chr1_2597178,NA,NA,NA,NA,NA,NA,NA
CE10_chr1_31353575,NA,NA,NA,NA,NA,NA,NA
CE10_chr1_31404700,NA,NA,NA,NA,NA,NA,NA
CE10_chr1_32671779,CE10_Chr100003120,CE10_chr1,32666673,32671780,GO:0016020 (membrane) | GO:0140359 (ABC-type transporter activity),IPR013525:ABC_2_type_transporter,PF01061:ABC_2_type_transporter
CE10_chr1_3436093,NA,NA,NA,NA,NA,NA,NA
CE10_chr1_3437991,NA,NA,NA,NA,NA,NA,NA
CE10_chr1_3438300,NA,NA,NA,NA,NA,NA,NA
CE10_chr1_3438331,NA,NA,NA,NA,NA,NA,NA
CE10_chr1_3439025,NA,NA,NA,NA,NA,NA,NA
CE10_chr1_3439906,NA,NA,NA,NA,NA,NA,NA
CE10_chr1_36931762,NA,NA,NA,NA,NA,NA,NA
CE10_chr1_36935204,NA,NA,NA,NA,NA,NA,NA
CE10_chr1_36936794,NA,NA,NA,NA,NA,NA,NA
CE10_chr1_36941008,NA,NA,NA,NA,NA,NA,NA
CE10_chr1_37340153,CE10_Chr100003546,CE10_chr1,37338244,37340272,,NA,NA
CE10_chr1_37374277,CE10_Chr100003549,CE10_chr1,37372231,37376819,,IPR041392:Beta_galactosidase_beta_sandwich_domain,PF17834:Beta_sandwich_domain_in_beta_galactosidase
CE10_chr1_37726015,NA,NA,NA,NA,NA,NA,NA
CE10_chr1_38623877,NA,NA,NA,NA,NA,NA,NA
CE10_chr1_38800054,NA,NA,NA,NA,NA,NA,NA
CE10_chr1_38801440,NA,NA,NA,NA,NA,NA,NA
CE10_chr1_38804192,NA,NA,NA,NA,NA,NA,NA
CE10_chr1_38806089,NA,NA,NA,NA,NA,NA,NA
CE10_chr1_38806913,NA,NA,NA,NA,NA,NA,NA
CE10_chr1_38807365,NA,NA,NA,NA,NA,NA,NA
CE10_chr1_38807405,NA,NA,NA,NA,NA,NA,NA
CE10_chr1_38807907,NA,NA,NA,NA,NA,NA,NA
CE10_chr1_38809381,NA,NA,NA,NA,NA,NA,NA
CE10_chr1_38809930,NA,NA,NA,NA,NA,NA,NA
CE10_chr1_38814297,NA,NA,NA,NA,NA,NA,NA
CE10_chr1_38819336,NA,NA,NA,NA,NA,NA,NA
CE10_chr1_38824853,NA,NA,NA,NA,NA,NA,NA
CE10_chr1_38825189,NA,NA,NA,NA,NA,NA,NA
CE10_chr1_40056447,NA,NA,NA,NA,NA,NA,NA
CE10_chr1_40315346,NA,NA,NA,NA,NA,NA,NA
CE10_chr1_40641544,NA,NA,NA,NA,NA,NA,NA
CE10_chr1_41236452,NA,NA,NA,NA,NA,NA,NA
CE10_chr1_41599144,CE10_Chr100004066,CE10_chr1,41598491,41599768,GO:0005515 (protein binding),IPR001680:WD40_repeat,PF00400:WD_domain_G_beta_repeat
CE10_chr1_41675448,NA,NA,NA,NA,NA,NA,NA
CE10_chr1_41675470,NA,NA,NA,NA,NA,NA,NA
CE10_chr1_41676505,CE10_Chr100004081,CE10_chr1,41676414,41679007,GO:0043531 (ADP binding),IPR002182:NB_ARC,PF00931:NB_ARC_domain
CE10_chr1_41676527,CE10_Chr100004081,CE10_chr1,41676414,41679007,GO:0043531 (ADP binding),IPR002182:NB_ARC,PF00931:NB_ARC_domain
CE10_chr1_4222049,NA,NA,NA,NA,NA,NA,NA
CE10_chr1_4223388,NA,NA,NA,NA,NA,NA,NA
CE10_chr1_4354290,CE10_Chr100000786,CE10_chr1,4353844,4356117,,IPR010259:Peptidase_S8_propeptide/proteinase_inhibitor_I9,PF05922:Peptidase_inhibitor_I9
CE10_chr1_4355200,CE10_Chr100000786,CE10_chr1,4353844,4356117,,IPR010259:Peptidase_S8_propeptide/proteinase_inhibitor_I9,PF05922:Peptidase_inhibitor_I9
CE10_chr1_4356697,NA,NA,NA,NA,NA,NA,NA
CE10_chr1_4357203,NA,NA,NA,NA,NA,NA,NA
CE10_chr1_4675850,NA,NA,NA,NA,NA,NA,NA
CE10_chr1_721069,CE10_Chr100000155,CE10_chr1,719091,721172,,NA,NA
CE10_chr1_7256094,NA,NA,NA,NA,NA,NA,NA
CE10_chr1_865732,NA,NA,NA,NA,NA,NA,NA
CE10_chr1_9110324,NA,NA,NA,NA,NA,NA,NA
CE10_chr1_9110537,NA,NA,NA,NA,NA,NA,NA
CE10_chr1_9760162,NA,NA,NA,NA,NA,NA,NA
CE10_chr2_10113152,NA,NA,NA,NA,NA,NA,NA
CE10_chr2_13563156,NA,NA,NA,NA,NA,NA,NA
CE10_chr2_15169455,NA,NA,NA,NA,NA,NA,NA
CE10_chr2_15872273,NA,NA,NA,NA,NA,NA,NA
CE10_chr2_18205046,NA,NA,NA,NA,NA,NA,NA
CE10_chr2_18318806,NA,NA,NA,NA,NA,NA,NA
CE10_chr2_18320447,NA,NA,NA,NA,NA,NA,NA
CE10_chr2_18320697,NA,NA,NA,NA,NA,NA,NA
CE10_chr2_18322390,NA,NA,NA,NA,NA,NA,NA
CE10_chr2_18323533,NA,NA,NA,NA,NA,NA,NA
CE10_chr2_18511041,NA,NA,NA,NA,NA,NA,NA
CE10_chr2_18534760,CE10_Chr200002797,CE10_chr2,18533039,18535218,,IPR010903:Protein_of_unknown_function_DUF1517,PF07466:Protein_of_unknown_function_(DUF1517)
CE10_chr2_18536712,NA,NA,NA,NA,NA,NA,NA
CE10_chr2_18537074,NA,NA,NA,NA,NA,NA,NA
CE10_chr2_18539723,NA,NA,NA,NA,NA,NA,NA
CE10_chr2_18541368,NA,NA,NA,NA,NA,NA,NA
CE10_chr2_18541798,NA,NA,NA,NA,NA,NA,NA
CE10_chr2_18542068,NA,NA,NA,NA,NA,NA,NA
CE10_chr2_18582838,NA,NA,NA,NA,NA,NA,NA
CE10_chr2_18584866,NA,NA,NA,NA,NA,NA,NA
CE10_chr2_18588476,NA,NA,NA,NA,NA,NA,NA
CE10_chr2_18599177,NA,NA,NA,NA,NA,NA,NA
CE10_chr2_18599218,NA,NA,NA,NA,NA,NA,NA
CE10_chr2_18599836,NA,NA,NA,NA,NA,NA,NA
CE10_chr2_18601651,NA,NA,NA,NA,NA,NA,NA
CE10_chr2_18602600,NA,NA,NA,NA,NA,NA,NA
CE10_chr2_18603888,NA,NA,NA,NA,NA,NA,NA
CE10_chr2_18605040,NA,NA,NA,NA,NA,NA,NA
CE10_chr2_18605773,NA,NA,NA,NA,NA,NA,NA
CE10_chr2_18606148,NA,NA,NA,NA,NA,NA,NA
CE10_chr2_18606200,NA,NA,NA,NA,NA,NA,NA
CE10_chr2_18607250,NA,NA,NA,NA,NA,NA,NA
CE10_chr2_18607332,NA,NA,NA,NA,NA,NA,NA
CE10_chr2_18608119,NA,NA,NA,NA,NA,NA,NA
CE10_chr2_18610313,CE10_Chr200002800,CE10_chr2,18610155,18615473,,IPR010903:Protein_of_unknown_function_DUF1517,PF07466:Protein_of_unknown_function_(DUF1517)
CE10_chr2_18610646,CE10_Chr200002800,CE10_chr2,18610155,18615473,,IPR010903:Protein_of_unknown_function_DUF1517,PF07466:Protein_of_unknown_function_(DUF1517)
CE10_chr2_18628569,NA,NA,NA,NA,NA,NA,NA
CE10_chr2_18631100,NA,NA,NA,NA,NA,NA,NA
CE10_chr2_18632042,NA,NA,NA,NA,NA,NA,NA
CE10_chr2_18632846,NA,NA,NA,NA,NA,NA,NA
CE10_chr2_18632869,NA,NA,NA,NA,NA,NA,NA
CE10_chr2_18632934,NA,NA,NA,NA,NA,NA,NA
CE10_chr2_18633093,NA,NA,NA,NA,NA,NA,NA
CE10_chr2_18633388,NA,NA,NA,NA,NA,NA,NA
CE10_chr2_18686936,CE10_Chr200002812,CE10_chr2,18683881,18688132,GO:0004672 (protein kinase activity) | GO:0006468 (protein phosphorylation),IPR001245:Serine_threonine/tyrosine_protein_kinase_catalytic_domain,PF07714:Protein_tyrosine_and_serine/threonine_kinase
CE10_chr2_18687403,CE10_Chr200002812,CE10_chr2,18683881,18688132,GO:0004672 (protein kinase activity) | GO:0006468 (protein phosphorylation),IPR001245:Serine_threonine/tyrosine_protein_kinase_catalytic_domain,PF07714:Protein_tyrosine_and_serine/threonine_kinase
CE10_chr2_18690553,CE10_Chr200002813,CE10_chr2,18690068,18697044,GO:0005509 (calcium ion binding),IPR002048:EF_hand_domain,PF13202:EF_hand
CE10_chr2_18691582,CE10_Chr200002813,CE10_chr2,18690068,18697044,GO:0005509 (calcium ion binding),IPR002048:EF_hand_domain,PF13202:EF_hand
CE10_chr2_18692428,CE10_Chr200002813,CE10_chr2,18690068,18697044,GO:0005509 (calcium ion binding),IPR002048:EF_hand_domain,PF13202:EF_hand
CE10_chr2_18695632,CE10_Chr200002813,CE10_chr2,18690068,18697044,GO:0005509 (calcium ion binding),IPR002048:EF_hand_domain,PF13202:EF_hand
CE10_chr2_18734446,NA,NA,NA,NA,NA,NA,NA
CE10_chr2_18736627,NA,NA,NA,NA,NA,NA,NA
CE10_chr2_18738445,NA,NA,NA,NA,NA,NA,NA
CE10_chr2_18738517,NA,NA,NA,NA,NA,NA,NA
CE10_chr2_18739008,NA,NA,NA,NA,NA,NA,NA
CE10_chr2_18741844,NA,NA,NA,NA,NA,NA,NA
CE10_chr2_18742006,NA,NA,NA,NA,NA,NA,NA
CE10_chr2_18767948,NA,NA,NA,NA,NA,NA,NA
CE10_chr2_18769194,NA,NA,NA,NA,NA,NA,NA
CE10_chr2_18769326,NA,NA,NA,NA,NA,NA,NA
CE10_chr2_18960949,NA,NA,NA,NA,NA,NA,NA
CE10_chr2_18961314,NA,NA,NA,NA,NA,NA,NA
CE10_chr2_18963389,NA,NA,NA,NA,NA,NA,NA
CE10_chr2_18963507,NA,NA,NA,NA,NA,NA,NA
CE10_chr2_18963606,NA,NA,NA,NA,NA,NA,NA
CE10_chr2_18964953,NA,NA,NA,NA,NA,NA,NA
CE10_chr2_18965007,NA,NA,NA,NA,NA,NA,NA
CE10_chr2_18969356,NA,NA,NA,NA,NA,NA,NA
CE10_chr2_18974047,NA,NA,NA,NA,NA,NA,NA
CE10_chr2_18992699,NA,NA,NA,NA,NA,NA,NA
CE10_chr2_19078421,NA,NA,NA,NA,NA,NA,NA
CE10_chr2_19138768,NA,NA,NA,NA,NA,NA,NA
CE10_chr2_19259085,NA,NA,NA,NA,NA,NA,NA
CE10_chr2_22904891,NA,NA,NA,NA,NA,NA,NA
CE10_chr2_2890930,NA,NA,NA,NA,NA,NA,NA
CE10_chr2_31567664,NA,NA,NA,NA,NA,NA,NA
CE10_chr2_3414129,NA,NA,NA,NA,NA,NA,NA
CE10_chr2_3437593,CE10_Chr200000781,CE10_chr2,3437514,3439565,GO:0003924 (GTPase activity) | GO:0005525 (GTP binding),IPR001806:Small_GTPase,PF00071:Ras_family
CE10_chr2_37365683,NA,NA,NA,NA,NA,NA,NA
CE10_chr2_39291894,NA,NA,NA,NA,NA,NA,NA
CE10_chr2_39783336,NA,NA,NA,NA,NA,NA,NA
CE10_chr2_40551025,NA,NA,NA,NA,NA,NA,NA
CE10_chr2_41091592,NA,NA,NA,NA,NA,NA,NA
CE10_chr2_41154260,CE10_Chr200004479,CE10_chr2,41151409,41157460,,NA,NA
CE10_chr2_41306662,NA,NA,NA,NA,NA,NA,NA
CE10_chr2_42519561,NA,NA,NA,NA,NA,NA,NA
CE10_chr2_43752441,NA,NA,NA,NA,NA,NA,NA
CE10_chr2_44534506,NA,NA,NA,NA,NA,NA,NA
CE10_chr2_44839490,NA,NA,NA,NA,NA,NA,NA
CE10_chr2_44949494,CE10_Chr200004879,CE10_chr2,44949482,44949751,,NA,NA
CE10_chr2_45204750,NA,NA,NA,NA,NA,NA,NA
CE10_chr2_45376462,CE10_Chr200004926,CE10_chr2,45372021,45378165,GO:0005975 (carbohydrate metabolic process) | GO:0008184 (glycogen phosphorylase activity),IPR000811:Glycosyl_transferase_family_35,PF00343:Carbohydrate_phosphorylase
CE10_chr2_45378861,CE10_Chr200004927,CE10_chr2,45378834,45380905,GO:0003723 (RNA binding),IPR000504:RNA_recognition_motif_domain,PF00076:RNA_recognition_motif_(a.k.a_RRM_RBD_or_RNP_domain)
CE10_chr2_45379725,CE10_Chr200004927,CE10_chr2,45378834,45380905,GO:0003723 (RNA binding),IPR000504:RNA_recognition_motif_domain,PF00076:RNA_recognition_motif_(a.k.a_RRM_RBD_or_RNP_domain)
CE10_chr2_45380178,CE10_Chr200004927,CE10_chr2,45378834,45380905,GO:0003723 (RNA binding),IPR000504:RNA_recognition_motif_domain,PF00076:RNA_recognition_motif_(a.k.a_RRM_RBD_or_RNP_domain)
CE10_chr2_45380537,CE10_Chr200004927,CE10_chr2,45378834,45380905,GO:0003723 (RNA binding),IPR000504:RNA_recognition_motif_domain,PF00076:RNA_recognition_motif_(a.k.a_RRM_RBD_or_RNP_domain)
CE10_chr2_45381876,NA,NA,NA,NA,NA,NA,NA
CE10_chr2_46039257,NA,NA,NA,NA,NA,NA,NA
CE10_chr2_47098514,CE10_Chr200005100,CE10_chr2,47097135,47099078,,IPR013210:Leucine_rich_repeat_containing_N_terminal_plant_type,PF08263:Leucine_rich_repeat_N_terminal_domain
CE10_chr2_51313516,NA,NA,NA,NA,NA,NA,NA
CE10_chr2_51394314,NA,NA,NA,NA,NA,NA,NA
CE10_chr2_51807255,NA,NA,NA,NA,NA,NA,NA
CE10_chr2_51809393,NA,NA,NA,NA,NA,NA,NA
CE10_chr2_51899790,NA,NA,NA,NA,NA,NA,NA
CE10_chr2_52837653,NA,NA,NA,NA,NA,NA,NA
CE10_chr2_53118124,CE10_Chr200006108,CE10_chr2,53118086,53119712,GO:0003700 (DNA-binding transcription factor activity) | GO:0006355 (regulation of DNA-templated transcription) | GO:0043565 (sequence-specific DNA binding),IPR003657:WRKY_domain,PF03106:WRKY_DNA__binding_domain
CE10_chr2_53369741,NA,NA,NA,NA,NA,NA,NA
CE10_chr2_53400478,CE10_Chr200006149,CE10_chr2,53399645,53401453,,IPR002885:Pentatricopeptide_repeat,PF13041:PPR_repeat_family
CE10_chr2_9465195,CE10_Chr200001775,CE10_chr2,9463578,9472132,,IPR032154:Coatomer_subunit_gamma_C_terminal,PF16381:Coatomer_subunit_gamma_1_C_terminal_appendage_platform
CE10_chr2_9465532,CE10_Chr200001775,CE10_chr2,9463578,9472132,,IPR032154:Coatomer_subunit_gamma_C_terminal,PF16381:Coatomer_subunit_gamma_1_C_terminal_appendage_platform
CE10_chr2_9466318,CE10_Chr200001775,CE10_chr2,9463578,9472132,,IPR032154:Coatomer_subunit_gamma_C_terminal,PF16381:Coatomer_subunit_gamma_1_C_terminal_appendage_platform
CE10_chr2_9466627,CE10_Chr200001775,CE10_chr2,9463578,9472132,,IPR032154:Coatomer_subunit_gamma_C_terminal,PF16381:Coatomer_subunit_gamma_1_C_terminal_appendage_platform
CE10_chr2_9466920,CE10_Chr200001775,CE10_chr2,9463578,9472132,,IPR032154:Coatomer_subunit_gamma_C_terminal,PF16381:Coatomer_subunit_gamma_1_C_terminal_appendage_platform
CE10_chr2_9467112,CE10_Chr200001775,CE10_chr2,9463578,9472132,,IPR032154:Coatomer_subunit_gamma_C_terminal,PF16381:Coatomer_subunit_gamma_1_C_terminal_appendage_platform
CE10_chr2_9473328,NA,NA,NA,NA,NA,NA,NA
CE10_chr2_9622868,NA,NA,NA,NA,NA,NA,NA
CE10_chr2_9752514,NA,NA,NA,NA,NA,NA,NA
CE10_chr3_10780712,NA,NA,NA,NA,NA,NA,NA
CE10_chr3_10785844,CE10_Chr300001520,CE10_chr3,10784162,10788578,GO:0015297 (antiporter activity) | GO:0016020 (membrane) | GO:0042910 (xenobiotic transmembrane transporter activity) | GO:0055085 (transmembrane transport),IPR002528:Multi_antimicrobial_extrusion_protein,PF01554:MatE
CE10_chr3_13096437,NA,NA,NA,NA,NA,NA,NA
CE10_chr3_14480566,NA,NA,NA,NA,NA,NA,NA
CE10_chr3_16005429,CE10_Chr300002034,CE10_chr3,16003982,16007789,GO:0005525 (GTP binding),IPR004161:Translation_elongation_factor_EFTu_like_domain_2,PF03144:Elongation_factor_Tu_domain_2
CE10_chr3_16033624,NA,NA,NA,NA,NA,NA,NA
CE10_chr3_17147449,NA,NA,NA,NA,NA,NA,NA
CE10_chr3_18134809,NA,NA,NA,NA,NA,NA,NA
CE10_chr3_18229056,NA,NA,NA,NA,NA,NA,NA
CE10_chr3_19111957,NA,NA,NA,NA,NA,NA,NA
CE10_chr3_21030630,NA,NA,NA,NA,NA,NA,NA
CE10_chr3_22412443,NA,NA,NA,NA,NA,NA,NA
CE10_chr3_22653589,NA,NA,NA,NA,NA,NA,NA
CE10_chr3_23041587,NA,NA,NA,NA,NA,NA,NA
CE10_chr3_23139061,NA,NA,NA,NA,NA,NA,NA
CE10_chr3_24257330,CE10_Chr300002611,CE10_chr3,24257168,24258203,,NA,NA
CE10_chr3_28931309,NA,NA,NA,NA,NA,NA,NA
CE10_chr3_2925419,NA,NA,NA,NA,NA,NA,NA
CE10_chr3_29841144,NA,NA,NA,NA,NA,NA,NA
CE10_chr3_32049444,NA,NA,NA,NA,NA,NA,NA
CE10_chr3_34938984,NA,NA,NA,NA,NA,NA,NA
CE10_chr3_34939821,NA,NA,NA,NA,NA,NA,NA
CE10_chr3_34946312,NA,NA,NA,NA,NA,NA,NA
CE10_chr3_34946478,NA,NA,NA,NA,NA,NA,NA
CE10_chr3_4170715,NA,NA,NA,NA,NA,NA,NA
CE10_chr3_4171962,CE10_Chr300000698,CE10_chr3,4170881,4172185,,IPR000868:Isochorismatase_like,PF00857:Isochorismatase_family
CE10_chr3_4173824,CE10_Chr300000699,CE10_chr3,4173092,4178039,,_:_,PF12014:Cyclin_D1_binding_domain
CE10_chr3_4174511,CE10_Chr300000699,CE10_chr3,4173092,4178039,,_:_,PF12014:Cyclin_D1_binding_domain
CE10_chr3_4175533,CE10_Chr300000699,CE10_chr3,4173092,4178039,,_:_,PF12014:Cyclin_D1_binding_domain
CE10_chr3_4176104,CE10_Chr300000699,CE10_chr3,4173092,4178039,,_:_,PF12014:Cyclin_D1_binding_domain
CE10_chr3_4176903,CE10_Chr300000699,CE10_chr3,4173092,4178039,,_:_,PF12014:Cyclin_D1_binding_domain
CE10_chr3_4176960,CE10_Chr300000699,CE10_chr3,4173092,4178039,,_:_,PF12014:Cyclin_D1_binding_domain
CE10_chr3_42841832,NA,NA,NA,NA,NA,NA,NA
CE10_chr3_43102264,CE10_Chr300003989,CE10_chr3,43101085,43102909,,NA,NA
CE10_chr3_43609876,CE10_Chr300004037,CE10_chr3,43609322,43616300,,IPR031660:C_terminal_associated_domain_of_TOPRIM,PF16898:C_terminal_associated_domain_of_TOPRIM
CE10_chr3_45067697,NA,NA,NA,NA,NA,NA,NA
CE10_chr3_45146794,NA,NA,NA,NA,NA,NA,NA
CE10_chr3_48346120,NA,NA,NA,NA,NA,NA,NA
CE10_chr3_49429460,CE10_Chr300004910,CE10_chr3,49427873,49430678,,IPR001841:Zinc_finger_RING_type,PF13639:Ring_finger_domain
CE10_chr3_49430352,CE10_Chr300004910,CE10_chr3,49427873,49430678,,IPR001841:Zinc_finger_RING_type,PF13639:Ring_finger_domain
CE10_chr3_49434709,CE10_Chr300004912,CE10_chr3,49432732,49435160,GO:0030247 (polysaccharide binding),IPR025287:Wall_associated_receptor_kinase_galacturonan_binding_domain,PF13947:Wall_associated_receptor_kinase_galacturonan_binding
CE10_chr3_49435851,CE10_Chr300004913,CE10_chr3,49435748,49436899,GO:0030247 (polysaccharide binding),IPR025287:Wall_associated_receptor_kinase_galacturonan_binding_domain,PF13947:Wall_associated_receptor_kinase_galacturonan_binding
CE10_chr3_49436336,CE10_Chr300004913,CE10_chr3,49435748,49436899,GO:0030247 (polysaccharide binding),IPR025287:Wall_associated_receptor_kinase_galacturonan_binding_domain,PF13947:Wall_associated_receptor_kinase_galacturonan_binding
CE10_chr3_49436387,CE10_Chr300004913,CE10_chr3,49435748,49436899,GO:0030247 (polysaccharide binding),IPR025287:Wall_associated_receptor_kinase_galacturonan_binding_domain,PF13947:Wall_associated_receptor_kinase_galacturonan_binding
CE10_chr3_49436832,CE10_Chr300004913,CE10_chr3,49435748,49436899,GO:0030247 (polysaccharide binding),IPR025287:Wall_associated_receptor_kinase_galacturonan_binding_domain,PF13947:Wall_associated_receptor_kinase_galacturonan_binding
CE10_chr3_5292804,NA,NA,NA,NA,NA,NA,NA
CE10_chr3_5816418,CE10_Chr300000953,CE10_chr3,5810986,5820891,GO:0003676 (nucleic acid binding),IPR002121:HRDC_domain,PF00570:HRDC_domain
CE10_chr3_8204970,NA,NA,NA,NA,NA,NA,NA
CE10_chr3_9051058,NA,NA,NA,NA,NA,NA,NA
CE10_chr3_9069413,NA,NA,NA,NA,NA,NA,NA
CE10_chr3_9074033,NA,NA,NA,NA,NA,NA,NA
CE10_chr3_9074298,NA,NA,NA,NA,NA,NA,NA
CE10_chr3_9074698,NA,NA,NA,NA,NA,NA,NA
CE10_chr3_9076446,NA,NA,NA,NA,NA,NA,NA
CE10_chr3_9077851,NA,NA,NA,NA,NA,NA,NA
CE10_chr3_9078179,NA,NA,NA,NA,NA,NA,NA
CE10_chr3_9084105,NA,NA,NA,NA,NA,NA,NA
CE10_chr3_9084917,NA,NA,NA,NA,NA,NA,NA
CE10_chr3_9085092,NA,NA,NA,NA,NA,NA,NA
CE10_chr4_12867448,NA,NA,NA,NA,NA,NA,NA
CE10_chr4_12951359,NA,NA,NA,NA,NA,NA,NA
CE10_chr4_14058640,NA,NA,NA,NA,NA,NA,NA
CE10_chr4_14590288,NA,NA,NA,NA,NA,NA,NA
CE10_chr4_14591969,NA,NA,NA,NA,NA,NA,NA
CE10_chr4_14594434,NA,NA,NA,NA,NA,NA,NA
CE10_chr4_14595270,NA,NA,NA,NA,NA,NA,NA
CE10_chr4_14596013,NA,NA,NA,NA,NA,NA,NA
CE10_chr4_24470715,NA,NA,NA,NA,NA,NA,NA
CE10_chr4_29957256,NA,NA,NA,NA,NA,NA,NA
CE10_chr4_30829346,CE10_Chr400002571,CE10_chr4,30827123,30833799,,IPR013103:Reverse_transcriptase_RNA_dependent_DNA_polymerase,PF07727:Reverse_transcriptase_(RNA_dependent_DNA_polymerase)
CE10_chr4_3544206,CE10_Chr400000638,CE10_chr4,3541194,3548483,,NA,NA
CE10_chr4_37286264,NA,NA,NA,NA,NA,NA,NA
CE10_chr4_40297522,NA,NA,NA,NA,NA,NA,NA
CE10_chr4_4248913,CE10_Chr400000717,CE10_chr4,4246839,4249115,,NA,NA
CE10_chr4_43732031,CE10_Chr400003772,CE10_chr4,43727857,43734007,,IPR004274:FCP1_homology_domain,PF03031:NLI_interacting_factor_like_phosphatase
CE10_chr4_45367078,CE10_Chr400003988,CE10_chr4,45365690,45367848,GO:0004842 (ubiquitin-protein transferase activity) | GO:0016567 (protein ubiquitination),IPR003613:U_box_domain,PF04564:U_box_domain
CE10_chr4_47524457,CE10_Chr400004341,CE10_chr4,47523817,47528164,,IPR005475:Transketolase_like_pyrimidine_binding_domain,PF02779:Transketolase_pyrimidine_binding_domain
CE10_chr4_47524891,CE10_Chr400004341,CE10_chr4,47523817,47528164,,IPR005475:Transketolase_like_pyrimidine_binding_domain,PF02779:Transketolase_pyrimidine_binding_domain
CE10_chr4_47525002,CE10_Chr400004341,CE10_chr4,47523817,47528164,,IPR005475:Transketolase_like_pyrimidine_binding_domain,PF02779:Transketolase_pyrimidine_binding_domain
CE10_chr4_47525958,CE10_Chr400004341,CE10_chr4,47523817,47528164,,IPR005475:Transketolase_like_pyrimidine_binding_domain,PF02779:Transketolase_pyrimidine_binding_domain
CE10_chr4_47526264,CE10_Chr400004341,CE10_chr4,47523817,47528164,,IPR005475:Transketolase_like_pyrimidine_binding_domain,PF02779:Transketolase_pyrimidine_binding_domain
CE10_chr4_47526514,CE10_Chr400004341,CE10_chr4,47523817,47528164,,IPR005475:Transketolase_like_pyrimidine_binding_domain,PF02779:Transketolase_pyrimidine_binding_domain
CE10_chr4_47526563,CE10_Chr400004341,CE10_chr4,47523817,47528164,,IPR005475:Transketolase_like_pyrimidine_binding_domain,PF02779:Transketolase_pyrimidine_binding_domain
CE10_chr4_47526634,CE10_Chr400004341,CE10_chr4,47523817,47528164,,IPR005475:Transketolase_like_pyrimidine_binding_domain,PF02779:Transketolase_pyrimidine_binding_domain
CE10_chr4_47526697,CE10_Chr400004341,CE10_chr4,47523817,47528164,,IPR005475:Transketolase_like_pyrimidine_binding_domain,PF02779:Transketolase_pyrimidine_binding_domain
CE10_chr4_47527780,CE10_Chr400004341,CE10_chr4,47523817,47528164,,IPR005475:Transketolase_like_pyrimidine_binding_domain,PF02779:Transketolase_pyrimidine_binding_domain
CE10_chr4_47528316,NA,NA,NA,NA,NA,NA,NA
CE10_chr4_47528382,NA,NA,NA,NA,NA,NA,NA
CE10_chr4_47528921,CE10_Chr400004342,CE10_chr4,47528667,47531224,GO:0003723 (RNA binding),IPR004088:K_Homology_domain_type_1,PF00013:KH_domain
CE10_chr4_47529299,CE10_Chr400004342,CE10_chr4,47528667,47531224,GO:0003723 (RNA binding),IPR004088:K_Homology_domain_type_1,PF00013:KH_domain
CE10_chr4_47529890,CE10_Chr400004342,CE10_chr4,47528667,47531224,GO:0003723 (RNA binding),IPR004088:K_Homology_domain_type_1,PF00013:KH_domain
CE10_chr4_47529914,CE10_Chr400004342,CE10_chr4,47528667,47531224,GO:0003723 (RNA binding),IPR004088:K_Homology_domain_type_1,PF00013:KH_domain
CE10_chr4_47529949,CE10_Chr400004342,CE10_chr4,47528667,47531224,GO:0003723 (RNA binding),IPR004088:K_Homology_domain_type_1,PF00013:KH_domain
CE10_chr4_48414255,CE10_Chr400004466,CE10_chr4,48414159,48414848,GO:0005515 (protein binding),IPR001024:PLAT/LH2_domain,PF01477:PLAT/LH2_domain
CE10_chr4_48993203,NA,NA,NA,NA,NA,NA,NA
CE10_chr4_5650587,NA,NA,NA,NA,NA,NA,NA
CE10_chr4_7333178,NA,NA,NA,NA,NA,NA,NA
CE10_chr4_9192054,CE10_Chr400001140,CE10_chr4,9189960,9198482,,IPR032416:Peptidase_M24_C_terminal_domain,PF16188:C_terminal_region_of_peptidase_M24
CE10_chr4_9192728,CE10_Chr400001140,CE10_chr4,9189960,9198482,,IPR032416:Peptidase_M24_C_terminal_domain,PF16188:C_terminal_region_of_peptidase_M24
CE10_chr4_9193464,CE10_Chr400001140,CE10_chr4,9189960,9198482,,IPR032416:Peptidase_M24_C_terminal_domain,PF16188:C_terminal_region_of_peptidase_M24
CE10_chr4_9194258,CE10_Chr400001140,CE10_chr4,9189960,9198482,,IPR032416:Peptidase_M24_C_terminal_domain,PF16188:C_terminal_region_of_peptidase_M24
CE10_chr4_9195003,CE10_Chr400001140,CE10_chr4,9189960,9198482,,IPR032416:Peptidase_M24_C_terminal_domain,PF16188:C_terminal_region_of_peptidase_M24
CE10_chr4_9195102,CE10_Chr400001140,CE10_chr4,9189960,9198482,,IPR032416:Peptidase_M24_C_terminal_domain,PF16188:C_terminal_region_of_peptidase_M24
CE10_chr4_9346880,NA,NA,NA,NA,NA,NA,NA
CE10_chr4_9736713,NA,NA,NA,NA,NA,NA,NA
CE10_chr4_9881071,NA,NA,NA,NA,NA,NA,NA
CE10_chr4_9881471,NA,NA,NA,NA,NA,NA,NA
CE10_chr4_9881497,NA,NA,NA,NA,NA,NA,NA
CE10_chr4_9881976,NA,NA,NA,NA,NA,NA,NA
CE10_chr5_11180046,NA,NA,NA,NA,NA,NA,NA
CE10_chr5_24762110,NA,NA,NA,NA,NA,NA,NA
CE10_chr5_2802731,CE10_Chr500000504,CE10_chr5,2798814,2814871,"GO:0000148 (1,3-beta-D-glucan synthase complex) | GO:0003843 (1,3-beta-D-glucan synthase activity) | GO:0006075 ((1->3)-beta-D-glucan biosynthetic process) | GO:0016020 (membrane)",IPR003440:Glycosyl_transferase_family_48,PF02364:1.3_beta_glucan_synthase_component
CE10_chr5_35111467,NA,NA,NA,NA,NA,NA,NA
CE10_chr5_3851138,NA,NA,NA,NA,NA,NA,NA
CE10_chr5_41394643,NA,NA,NA,NA,NA,NA,NA
CE10_chr5_41894183,NA,NA,NA,NA,NA,NA,NA
CE10_chr5_41935919,NA,NA,NA,NA,NA,NA,NA
CE10_chr5_41935975,NA,NA,NA,NA,NA,NA,NA
CE10_chr5_42944506,NA,NA,NA,NA,NA,NA,NA
CE10_chr5_42944930,NA,NA,NA,NA,NA,NA,NA
CE10_chr5_42985612,CE10_Chr500003386,CE10_chr5,42984042,42986753,GO:0043531 (ADP binding),IPR002182:NB_ARC,PF00931:NB_ARC_domain
CE10_chr5_43330852,CE10_Chr500003415,CE10_chr5,43330393,43332275,,IPR001932:PPM_type_phosphatase_like_domain,PF00481:Protein_phosphatase_2C
CE10_chr5_43332201,CE10_Chr500003415,CE10_chr5,43330393,43332275,,IPR001932:PPM_type_phosphatase_like_domain,PF00481:Protein_phosphatase_2C
CE10_chr5_43332256,CE10_Chr500003415,CE10_chr5,43330393,43332275,,IPR001932:PPM_type_phosphatase_like_domain,PF00481:Protein_phosphatase_2C
CE10_chr5_43332291,NA,NA,NA,NA,NA,NA,NA
CE10_chr5_43333658,CE10_Chr500003416,CE10_chr5,43333480,43337439,GO:0004672 (protein kinase activity) | GO:0005524 (ATP binding) | GO:0006468 (protein phosphorylation),IPR000719:Protein_kinase_domain,PF00069:Protein_kinase_domain
CE10_chr5_43334139,CE10_Chr500003416,CE10_chr5,43333480,43337439,GO:0004672 (protein kinase activity) | GO:0005524 (ATP binding) | GO:0006468 (protein phosphorylation),IPR000719:Protein_kinase_domain,PF00069:Protein_kinase_domain
CE10_chr5_43334658,CE10_Chr500003416,CE10_chr5,43333480,43337439,GO:0004672 (protein kinase activity) | GO:0005524 (ATP binding) | GO:0006468 (protein phosphorylation),IPR000719:Protein_kinase_domain,PF00069:Protein_kinase_domain
CE10_chr5_43335525,CE10_Chr500003416,CE10_chr5,43333480,43337439,GO:0004672 (protein kinase activity) | GO:0005524 (ATP binding) | GO:0006468 (protein phosphorylation),IPR000719:Protein_kinase_domain,PF00069:Protein_kinase_domain
CE10_chr5_43337163,CE10_Chr500003416,CE10_chr5,43333480,43337439,GO:0004672 (protein kinase activity) | GO:0005524 (ATP binding) | GO:0006468 (protein phosphorylation),IPR000719:Protein_kinase_domain,PF00069:Protein_kinase_domain
CE10_chr5_43337538,NA,NA,NA,NA,NA,NA,NA
CE10_chr5_4521710,NA,NA,NA,NA,NA,NA,NA
CE10_chr5_4523045,NA,NA,NA,NA,NA,NA,NA
CE10_chr5_4529685,NA,NA,NA,NA,NA,NA,NA
CE10_chr5_45891576,NA,NA,NA,NA,NA,NA,NA
CE10_chr5_46675158,NA,NA,NA,NA,NA,NA,NA
CE10_chr5_47349886,NA,NA,NA,NA,NA,NA,NA
CE10_chr5_50013782,CE10_Chr500004101,CE10_chr5,50007018,50015708,,IPR028925:Demeter_RRM_fold_domain,PF15628:RRM_in_Demeter
CE10_chr5_51314141,NA,NA,NA,NA,NA,NA,NA
CE10_chr5_5505967,CE10_Chr500000946,CE10_chr5,5504507,5508671,,IPR005162:Retrotransposon_gag_domain,PF03732:Retrotransposon_gag_protein
CE10_chr5_5813077,NA,NA,NA,NA,NA,NA,NA
CE10_chr5_5845675,NA,NA,NA,NA,NA,NA,NA
CE10_chr5_6592466,CE10_Chr500001070,CE10_chr5,6591222,6602431,,IPR011765:Peptidase_M16_N_terminal,PF00675:Insulinase_(Peptidase_family_M16)
CE10_chr5_6617039,CE10_Chr500001073,CE10_chr5,6614448,6618000,,IPR004853:Sugar_phosphate_transporter_domain,PF03151:Triose_phosphate_Transporter_family
CE10_chr5_7696347,NA,NA,NA,NA,NA,NA,NA
CE10_chr5_83080,CE10_Chr500000012,CE10_chr5,79337,83614,,IPR019331:FAM192A/Fyv6_N_terminal,PF10187:FAM192A/Fyv6_N_terminal_domain
CE10_chr5_83495,CE10_Chr500000012,CE10_chr5,79337,83614,,IPR019331:FAM192A/Fyv6_N_terminal,PF10187:FAM192A/Fyv6_N_terminal_domain
CE10_chr5_8751850,CE10_Chr500001304,CE10_chr5,8751552,8754448,,IPR001005:SANT/Myb_domain,PF00249:Myb_like_DNA_binding_domain
CE10_chr6_10140458,NA,NA,NA,NA,NA,NA,NA
CE10_chr6_10145222,CE10_Chr600001478,CE10_chr6,10141553,10151893,,IPR014020:Tensin_phosphatase_C2_domain,PF10409:C2_domain_of_PTEN_tumour_suppressor_protein
CE10_chr6_10805566,NA,NA,NA,NA,NA,NA,NA
CE10_chr6_10824238,NA,NA,NA,NA,NA,NA,NA
CE10_chr6_10829857,CE10_Chr600001549,CE10_chr6,10828006,10837479,,NA,NA
CE10_chr6_1229607,NA,NA,NA,NA,NA,NA,NA
CE10_chr6_1416066,CE10_Chr600000300,CE10_chr6,1415356,1416126,,NA,NA
CE10_chr6_1663400,CE10_Chr600000342,CE10_chr6,1660615,1664191,GO:0016853 (isomerase activity),IPR009410:Allene_oxide_cyclase,PF06351:Allene_oxide_cyclase
CE10_chr6_257233,CE10_Chr600000045,CE10_chr6,255043,257334,,IPR003832:Protein_of_unknown_function_DUF212,PF02681:Divergent_PAP2_family
CE10_chr6_2638799,NA,NA,NA,NA,NA,NA,NA
CE10_chr6_2959667,NA,NA,NA,NA,NA,NA,NA
CE10_chr6_297348,CE10_Chr600000057,CE10_chr6,295027,300612,,IPR002347:Short_chain_dehydrogenase/reductase_SDR,PF00106:short_chain_dehydrogenase
CE10_chr6_29859239,NA,NA,NA,NA,NA,NA,NA
CE10_chr6_33868373,NA,NA,NA,NA,NA,NA,NA
CE10_chr6_37849255,NA,NA,NA,NA,NA,NA,NA
CE10_chr6_45245062,CE10_Chr600004404,CE10_chr6,45239528,45245398,,IPR032308:Tify_domain_binding_domain,PF16135:Tify_domain_binding_domain
CE10_chr6_45967661,CE10_Chr600004477,CE10_chr6,45965875,45969809,,IPR027370:Zinc_finger_RING_type_eukaryotic,PF13445:RING_type_zinc_finger
CE10_chr6_48748614,NA,NA,NA,NA,NA,NA,NA
CE10_chr6_49504946,NA,NA,NA,NA,NA,NA,NA
CE10_chr6_49787752,NA,NA,NA,NA,NA,NA,NA
CE10_chr6_51647498,NA,NA,NA,NA,NA,NA,NA
CE10_chr6_52682981,NA,NA,NA,NA,NA,NA,NA
CE10_chr6_52686214,CE10_Chr600005265,CE10_chr6,52685058,52690758,GO:0006508 (proteolysis) | GO:0008236 (serine-type peptidase activity),IPR001375:Peptidase_S9_prolyl_oligopeptidase_catalytic_domain,PF00326:Prolyl_oligopeptidase_family
CE10_chr6_52686250,CE10_Chr600005265,CE10_chr6,52685058,52690758,GO:0006508 (proteolysis) | GO:0008236 (serine-type peptidase activity),IPR001375:Peptidase_S9_prolyl_oligopeptidase_catalytic_domain,PF00326:Prolyl_oligopeptidase_family
CE10_chr6_52686281,CE10_Chr600005265,CE10_chr6,52685058,52690758,GO:0006508 (proteolysis) | GO:0008236 (serine-type peptidase activity),IPR001375:Peptidase_S9_prolyl_oligopeptidase_catalytic_domain,PF00326:Prolyl_oligopeptidase_family
CE10_chr6_52686491,CE10_Chr600005265,CE10_chr6,52685058,52690758,GO:0006508 (proteolysis) | GO:0008236 (serine-type peptidase activity),IPR001375:Peptidase_S9_prolyl_oligopeptidase_catalytic_domain,PF00326:Prolyl_oligopeptidase_family
CE10_chr6_52686524,CE10_Chr600005265,CE10_chr6,52685058,52690758,GO:0006508 (proteolysis) | GO:0008236 (serine-type peptidase activity),IPR001375:Peptidase_S9_prolyl_oligopeptidase_catalytic_domain,PF00326:Prolyl_oligopeptidase_family
CE10_chr6_52686709,CE10_Chr600005265,CE10_chr6,52685058,52690758,GO:0006508 (proteolysis) | GO:0008236 (serine-type peptidase activity),IPR001375:Peptidase_S9_prolyl_oligopeptidase_catalytic_domain,PF00326:Prolyl_oligopeptidase_family
CE10_chr6_52687031,CE10_Chr600005265,CE10_chr6,52685058,52690758,GO:0006508 (proteolysis) | GO:0008236 (serine-type peptidase activity),IPR001375:Peptidase_S9_prolyl_oligopeptidase_catalytic_domain,PF00326:Prolyl_oligopeptidase_family
CE10_chr6_52687062,CE10_Chr600005265,CE10_chr6,52685058,52690758,GO:0006508 (proteolysis) | GO:0008236 (serine-type peptidase activity),IPR001375:Peptidase_S9_prolyl_oligopeptidase_catalytic_domain,PF00326:Prolyl_oligopeptidase_family
CE10_chr6_52687204,CE10_Chr600005265,CE10_chr6,52685058,52690758,GO:0006508 (proteolysis) | GO:0008236 (serine-type peptidase activity),IPR001375:Peptidase_S9_prolyl_oligopeptidase_catalytic_domain,PF00326:Prolyl_oligopeptidase_family
CE10_chr6_52687892,CE10_Chr600005265,CE10_chr6,52685058,52690758,GO:0006508 (proteolysis) | GO:0008236 (serine-type peptidase activity),IPR001375:Peptidase_S9_prolyl_oligopeptidase_catalytic_domain,PF00326:Prolyl_oligopeptidase_family
CE10_chr6_52688209,CE10_Chr600005265,CE10_chr6,52685058,52690758,GO:0006508 (proteolysis) | GO:0008236 (serine-type peptidase activity),IPR001375:Peptidase_S9_prolyl_oligopeptidase_catalytic_domain,PF00326:Prolyl_oligopeptidase_family
CE10_chr6_52688942,CE10_Chr600005265,CE10_chr6,52685058,52690758,GO:0006508 (proteolysis) | GO:0008236 (serine-type peptidase activity),IPR001375:Peptidase_S9_prolyl_oligopeptidase_catalytic_domain,PF00326:Prolyl_oligopeptidase_family
CE10_chr6_52689242,CE10_Chr600005265,CE10_chr6,52685058,52690758,GO:0006508 (proteolysis) | GO:0008236 (serine-type peptidase activity),IPR001375:Peptidase_S9_prolyl_oligopeptidase_catalytic_domain,PF00326:Prolyl_oligopeptidase_family
CE10_chr6_52689350,CE10_Chr600005265,CE10_chr6,52685058,52690758,GO:0006508 (proteolysis) | GO:0008236 (serine-type peptidase activity),IPR001375:Peptidase_S9_prolyl_oligopeptidase_catalytic_domain,PF00326:Prolyl_oligopeptidase_family
CE10_chr6_52689717,CE10_Chr600005265,CE10_chr6,52685058,52690758,GO:0006508 (proteolysis) | GO:0008236 (serine-type peptidase activity),IPR001375:Peptidase_S9_prolyl_oligopeptidase_catalytic_domain,PF00326:Prolyl_oligopeptidase_family
CE10_chr6_53094157,NA,NA,NA,NA,NA,NA,NA
CE10_chr6_53094346,NA,NA,NA,NA,NA,NA,NA
CE10_chr6_53095936,NA,NA,NA,NA,NA,NA,NA
CE10_chr6_53140155,NA,NA,NA,NA,NA,NA,NA
CE10_chr6_53141349,NA,NA,NA,NA,NA,NA,NA
CE10_chr6_53299313,NA,NA,NA,NA,NA,NA,NA
CE10_chr6_53301571,NA,NA,NA,NA,NA,NA,NA
CE10_chr6_53332972,CE10_Chr600005342,CE10_chr6,53332690,53335456,,NA,NA
CE10_chr6_53400520,NA,NA,NA,NA,NA,NA,NA
CE10_chr6_54174875,CE10_Chr600005439,CE10_chr6,54171678,54176067,,IPR007573:QWRF_family,PF04484:QWRF_family
CE10_chr6_54469590,NA,NA,NA,NA,NA,NA,NA
CE10_chr6_54470076,NA,NA,NA,NA,NA,NA,NA
CE10_chr6_54470640,NA,NA,NA,NA,NA,NA,NA
CE10_chr6_54470821,NA,NA,NA,NA,NA,NA,NA
CE10_chr6_54471187,NA,NA,NA,NA,NA,NA,NA
CE10_chr6_54471378,NA,NA,NA,NA,NA,NA,NA
CE10_chr6_54471431,NA,NA,NA,NA,NA,NA,NA
CE10_chr6_54473473,CE10_Chr600005489,CE10_chr6,54471914,54478541,GO:0003777 (microtubule motor activity) | GO:0005524 (ATP binding) | GO:0007018 (microtubule-based movement) | GO:0008017 (microtubule binding),IPR001752:Kinesin_motor_domain,PF00225:Kinesin_motor_domain
CE10_chr6_54473683,CE10_Chr600005489,CE10_chr6,54471914,54478541,GO:0003777 (microtubule motor activity) | GO:0005524 (ATP binding) | GO:0007018 (microtubule-based movement) | GO:0008017 (microtubule binding),IPR001752:Kinesin_motor_domain,PF00225:Kinesin_motor_domain
CE10_chr6_54473729,CE10_Chr600005489,CE10_chr6,54471914,54478541,GO:0003777 (microtubule motor activity) | GO:0005524 (ATP binding) | GO:0007018 (microtubule-based movement) | GO:0008017 (microtubule binding),IPR001752:Kinesin_motor_domain,PF00225:Kinesin_motor_domain
CE10_chr6_54476287,CE10_Chr600005489,CE10_chr6,54471914,54478541,GO:0003777 (microtubule motor activity) | GO:0005524 (ATP binding) | GO:0007018 (microtubule-based movement) | GO:0008017 (microtubule binding),IPR001752:Kinesin_motor_domain,PF00225:Kinesin_motor_domain
CE10_chr6_54476989,CE10_Chr600005489,CE10_chr6,54471914,54478541,GO:0003777 (microtubule motor activity) | GO:0005524 (ATP binding) | GO:0007018 (microtubule-based movement) | GO:0008017 (microtubule binding),IPR001752:Kinesin_motor_domain,PF00225:Kinesin_motor_domain
CE10_chr6_54477127,CE10_Chr600005489,CE10_chr6,54471914,54478541,GO:0003777 (microtubule motor activity) | GO:0005524 (ATP binding) | GO:0007018 (microtubule-based movement) | GO:0008017 (microtubule binding),IPR001752:Kinesin_motor_domain,PF00225:Kinesin_motor_domain
CE10_chr6_54532357,NA,NA,NA,NA,NA,NA,NA
CE10_chr6_55264286,NA,NA,NA,NA,NA,NA,NA
CE10_chr6_55633735,CE10_Chr600005631,CE10_chr6,55632527,55635472,GO:0004672 (protein kinase activity) | GO:0006468 (protein phosphorylation),IPR001245:Serine_threonine/tyrosine_protein_kinase_catalytic_domain,PF07714:Protein_tyrosine_and_serine/threonine_kinase
CE10_chr6_55647280,CE10_Chr600005634,CE10_chr6,55646168,55648461,GO:0003779 (actin binding),IPR011684:Protein_Networked_(NET)_actin_binding_(NAB)_domain,PF07765:KIP1_like_protein
CE10_chr6_55651116,CE10_Chr600005635,CE10_chr6,55649970,55652140,GO:0016740 (transferase activity),IPR026057:PC_Esterase,PF13839:GDSL/SGNH_like_Acyl_Esterase_family_found_in_Pmr5_and_Cas1p
CE10_chr6_55652101,CE10_Chr600005635,CE10_chr6,55649970,55652140,GO:0016740 (transferase activity),IPR026057:PC_Esterase,PF13839:GDSL/SGNH_like_Acyl_Esterase_family_found_in_Pmr5_and_Cas1p
CE10_chr6_55652433,NA,NA,NA,NA,NA,NA,NA
CE10_chr6_55652476,NA,NA,NA,NA,NA,NA,NA
CE10_chr6_55652579,NA,NA,NA,NA,NA,NA,NA
CE10_chr6_55654760,NA,NA,NA,NA,NA,NA,NA
CE10_chr6_55655479,NA,NA,NA,NA,NA,NA,NA
CE10_chr6_55655983,NA,NA,NA,NA,NA,NA,NA
CE10_chr6_55656562,NA,NA,NA,NA,NA,NA,NA
CE10_chr6_56396749,CE10_Chr600005743,CE10_chr6,56396744,56403618,GO:0005515 (protein binding),IPR001680:WD40_repeat,PF00400:WD_domain_G_beta_repeat
CE10_chr6_56409031,CE10_Chr600005744,CE10_chr6,56404284,56409585,,IPR023780:Chromo_domain,PF00385:Chromo_(CHRromatin_Organisation_MOdifier)_domain
CE10_chr6_56436415,CE10_Chr600005748,CE10_chr6,56431502,56438692,GO:0008289 (lipid binding),IPR002913:START_domain,PF01852:START_domain
CE10_chr6_56480746,CE10_Chr600005753,CE10_chr6,56480116,56480790,GO:0003735 (structural constituent of ribosome) | GO:0005840 (ribosome) | GO:0006412 (translation),IPR001971:Ribosomal_protein_S11,PF00411:Ribosomal_protein_S11
CE10_chr6_56503965,CE10_Chr600005757,CE10_chr6,56502871,56506248,GO:0003677 (DNA binding) | GO:0005634 (nucleus) | GO:0006260 (DNA replication),IPR007199:Replication_factor_A_protein_1_N_terminal,PF04057:Replication_factor_A_protein_1_N_terminal_domain
CE10_chr6_56504004,CE10_Chr600005757,CE10_chr6,56502871,56506248,GO:0003677 (DNA binding) | GO:0005634 (nucleus) | GO:0006260 (DNA replication),IPR007199:Replication_factor_A_protein_1_N_terminal,PF04057:Replication_factor_A_protein_1_N_terminal_domain
CE10_chr6_56504967,CE10_Chr600005757,CE10_chr6,56502871,56506248,GO:0003677 (DNA binding) | GO:0005634 (nucleus) | GO:0006260 (DNA replication),IPR007199:Replication_factor_A_protein_1_N_terminal,PF04057:Replication_factor_A_protein_1_N_terminal_domain
CE10_chr6_56505268,CE10_Chr600005757,CE10_chr6,56502871,56506248,GO:0003677 (DNA binding) | GO:0005634 (nucleus) | GO:0006260 (DNA replication),IPR007199:Replication_factor_A_protein_1_N_terminal,PF04057:Replication_factor_A_protein_1_N_terminal_domain
CE10_chr6_56505735,CE10_Chr600005757,CE10_chr6,56502871,56506248,GO:0003677 (DNA binding) | GO:0005634 (nucleus) | GO:0006260 (DNA replication),IPR007199:Replication_factor_A_protein_1_N_terminal,PF04057:Replication_factor_A_protein_1_N_terminal_domain
CE10_chr6_56505767,CE10_Chr600005757,CE10_chr6,56502871,56506248,GO:0003677 (DNA binding) | GO:0005634 (nucleus) | GO:0006260 (DNA replication),IPR007199:Replication_factor_A_protein_1_N_terminal,PF04057:Replication_factor_A_protein_1_N_terminal_domain
CE10_chr6_56506818,NA,NA,NA,NA,NA,NA,NA
CE10_chr6_56507361,NA,NA,NA,NA,NA,NA,NA
CE10_chr6_56507770,CE10_Chr600005758,CE10_chr6,56507414,56509186,,IPR005824:KOW,PF00467:KOW_motif
CE10_chr6_56508033,CE10_Chr600005758,CE10_chr6,56507414,56509186,,IPR005824:KOW,PF00467:KOW_motif
CE10_chr6_56508360,CE10_Chr600005758,CE10_chr6,56507414,56509186,,IPR005824:KOW,PF00467:KOW_motif
CE10_chr6_56508405,CE10_Chr600005758,CE10_chr6,56507414,56509186,,IPR005824:KOW,PF00467:KOW_motif
CE10_chr6_56508510,CE10_Chr600005758,CE10_chr6,56507414,56509186,,IPR005824:KOW,PF00467:KOW_motif
CE10_chr6_56508903,CE10_Chr600005758,CE10_chr6,56507414,56509186,,IPR005824:KOW,PF00467:KOW_motif
CE10_chr6_56508971,CE10_Chr600005758,CE10_chr6,56507414,56509186,,IPR005824:KOW,PF00467:KOW_motif
CE10_chr6_56509115,CE10_Chr600005758,CE10_chr6,56507414,56509186,,IPR005824:KOW,PF00467:KOW_motif
CE10_chr6_56509130,CE10_Chr600005758,CE10_chr6,56507414,56509186,,IPR005824:KOW,PF00467:KOW_motif
CE10_chr6_56542670,CE10_Chr600005761,CE10_chr6,56538244,56542680,GO:0016020 (membrane) | GO:0055085 (transmembrane transport),IPR006685:Mechanosensitive_ion_channel_MscS,PF00924:Mechanosensitive_ion_channel
CE10_chr6_5667682,CE10_Chr600000941,CE10_chr6,5665503,5669834,GO:0016020 (membrane) | GO:0022857 (transmembrane transporter activity) | GO:0055085 (transmembrane transport),IPR000109:Proton_dependent_oligopeptide_transporter_family,PF00854:POT_family
CE10_chr6_56804701,CE10_Chr600005800,CE10_chr6,56804346,56806161,,IPR005069:Nucleotide_diphospho_sugar_transferase,PF03407:Nucleotide_diphospho_sugar_transferase
CE10_chr6_56880234,CE10_Chr600005811,CE10_chr6,56876112,56884556,GO:0003676 (nucleic acid binding),IPR002121:HRDC_domain,PF00570:HRDC_domain
CE10_chr6_56880282,CE10_Chr600005811,CE10_chr6,56876112,56884556,GO:0003676 (nucleic acid binding),IPR002121:HRDC_domain,PF00570:HRDC_domain
CE10_chr6_56881003,CE10_Chr600005811,CE10_chr6,56876112,56884556,GO:0003676 (nucleic acid binding),IPR002121:HRDC_domain,PF00570:HRDC_domain
CE10_chr6_56881246,CE10_Chr600005811,CE10_chr6,56876112,56884556,GO:0003676 (nucleic acid binding),IPR002121:HRDC_domain,PF00570:HRDC_domain
CE10_chr6_56882143,CE10_Chr600005811,CE10_chr6,56876112,56884556,GO:0003676 (nucleic acid binding),IPR002121:HRDC_domain,PF00570:HRDC_domain
CE10_chr6_56883413,CE10_Chr600005811,CE10_chr6,56876112,56884556,GO:0003676 (nucleic acid binding),IPR002121:HRDC_domain,PF00570:HRDC_domain
CE10_chr6_56883446,CE10_Chr600005811,CE10_chr6,56876112,56884556,GO:0003676 (nucleic acid binding),IPR002121:HRDC_domain,PF00570:HRDC_domain
CE10_chr6_57534088,NA,NA,NA,NA,NA,NA,NA
CE10_chr6_58212459,CE10_Chr600006022,CE10_chr6,58211436,58213470,GO:0003924 (GTPase activity) | GO:0005525 (GTP binding),IPR001806:Small_GTPase,PF00071:Ras_family
CE10_chr6_58348706,NA,NA,NA,NA,NA,NA,NA
CE10_chr6_58952579,NA,NA,NA,NA,NA,NA,NA
CE10_chr6_60334605,NA,NA,NA,NA,NA,NA,NA
CE10_chr6_60677520,CE10_Chr600006428,CE10_chr6,60676410,60677649,GO:0005618 (cell wall) | GO:0006073 (cellular glucan metabolic process) | GO:0016762 (xyloglucan:xyloglucosyl transferase activity) | GO:0048046 (apoplast),IPR010713:Xyloglucan_endo_transglycosylase_C_terminal,PF06955:Xyloglucan_endo_transglycosylase_(XET)_C_terminus
CE10_chr6_60718601,NA,NA,NA,NA,NA,NA,NA
CE10_chr6_7642955,NA,NA,NA,NA,NA,NA,NA
CE10_chr6_7644775,NA,NA,NA,NA,NA,NA,NA
CE10_chr6_7647046,NA,NA,NA,NA,NA,NA,NA
CE10_chr6_7647449,NA,NA,NA,NA,NA,NA,NA
CE10_chr6_7647994,NA,NA,NA,NA,NA,NA,NA
CE10_chr6_7647997,NA,NA,NA,NA,NA,NA,NA
CE10_chr6_7651760,NA,NA,NA,NA,NA,NA,NA
CE10_chr6_8042005,NA,NA,NA,NA,NA,NA,NA
CE10_chr7_10591619,CE10_Chr700001989,CE10_chr7,10590485,10593090,"GO:0004497 (monooxygenase activity) | GO:0005506 (iron ion binding) | GO:0016705 (oxidoreductase activity, acting on paired donors, with incorporation or reduction of molecular oxygen) | GO:0020037 (heme binding)",IPR001128:Cytochrome_P450,PF00067:Cytochrome_P450
CE10_chr7_11015414,CE10_Chr700002054,CE10_chr7,11013563,11020243,GO:0006812 (monoatomic cation transport) | GO:0015299 (NA) | GO:0016021 (NA) | GO:0055085 (transmembrane transport),IPR006153:Cation/H+_exchanger,PF00999:Sodium/hydrogen_exchanger_family
CE10_chr7_11303734,NA,NA,NA,NA,NA,NA,NA
CE10_chr7_13694519,CE10_Chr700002355,CE10_chr7,13692380,13696337,GO:0016021 (NA),IPR009637:Transmembrane_protein_GPR107/GPR108_like,PF06814:Lung_seven_transmembrane_receptor
CE10_chr7_14744055,NA,NA,NA,NA,NA,NA,NA
CE10_chr7_15769730,CE10_Chr700002592,CE10_chr7,15768104,15770097,GO:0006629 (lipid metabolic process),IPR005804:Fatty_acid_desaturase_domain,PF00487:Fatty_acid_desaturase
CE10_chr7_1856331,NA,NA,NA,NA,NA,NA,NA
CE10_chr7_18760873,NA,NA,NA,NA,NA,NA,NA
CE10_chr7_21673362,NA,NA,NA,NA,NA,NA,NA
CE10_chr7_23178958,CE10_Chr700003280,CE10_chr7,23177531,23179368,,IPR044862:Prolyl_4_hydroxylase_alpha_subunit_Fe(2+)_2OG_dioxygenase_domain,PF13640:2OG_Fe(II)_oxygenase_superfamily
CE10_chr7_2360636,CE10_Chr700000510,CE10_chr7,2358529,2360735,GO:0030246 (carbohydrate binding),IPR001220:Legume_lectin_domain,PF00139:Legume_lectin_domain
CE10_chr7_23731913,NA,NA,NA,NA,NA,NA,NA
CE10_chr7_2406420,CE10_Chr700000522,CE10_chr7,2405106,2409062,,IPR002625:Smr_domain,PF01713:Smr_domain
CE10_chr7_2409423,NA,NA,NA,NA,NA,NA,NA
CE10_chr7_2409718,CE10_Chr700000523,CE10_chr7,2409649,2413599,GO:0016787 (hydrolase activity),IPR006680:Amidohydrolase_related,PF01979:Amidohydrolase_family
CE10_chr7_2412352,CE10_Chr700000523,CE10_chr7,2409649,2413599,GO:0016787 (hydrolase activity),IPR006680:Amidohydrolase_related,PF01979:Amidohydrolase_family
CE10_chr7_2412785,CE10_Chr700000523,CE10_chr7,2409649,2413599,GO:0016787 (hydrolase activity),IPR006680:Amidohydrolase_related,PF01979:Amidohydrolase_family
CE10_chr7_2451096,CE10_Chr700000531,CE10_chr7,2450242,2454035,GO:0005515 (protein binding),IPR001611:Leucine_rich_repeat,PF13855:Leucine_rich_repeat
CE10_chr7_2535310,CE10_Chr700000544,CE10_chr7,2528790,2545693,,IPR024395:CLASP_N_terminal_domain,PF12348:CLASP_N_terminal
CE10_chr7_2535959,CE10_Chr700000544,CE10_chr7,2528790,2545693,,IPR024395:CLASP_N_terminal_domain,PF12348:CLASP_N_terminal
CE10_chr7_2536471,CE10_Chr700000544,CE10_chr7,2528790,2545693,,IPR024395:CLASP_N_terminal_domain,PF12348:CLASP_N_terminal
CE10_chr7_2537066,CE10_Chr700000544,CE10_chr7,2528790,2545693,,IPR024395:CLASP_N_terminal_domain,PF12348:CLASP_N_terminal
CE10_chr7_2542296,CE10_Chr700000544,CE10_chr7,2528790,2545693,,IPR024395:CLASP_N_terminal_domain,PF12348:CLASP_N_terminal
CE10_chr7_2543087,CE10_Chr700000544,CE10_chr7,2528790,2545693,,IPR024395:CLASP_N_terminal_domain,PF12348:CLASP_N_terminal
CE10_chr7_2652671,CE10_Chr700000569,CE10_chr7,2651053,2655937,GO:0003676 (nucleic acid binding) | GO:0004519 (endonuclease activity) | GO:0006308 (DNA catabolic process),IPR003154:S1/P1_nuclease,PF02265:S1/P1_Nuclease
CE10_chr7_2653732,CE10_Chr700000569,CE10_chr7,2651053,2655937,GO:0003676 (nucleic acid binding) | GO:0004519 (endonuclease activity) | GO:0006308 (DNA catabolic process),IPR003154:S1/P1_nuclease,PF02265:S1/P1_Nuclease
CE10_chr7_2654049,CE10_Chr700000569,CE10_chr7,2651053,2655937,GO:0003676 (nucleic acid binding) | GO:0004519 (endonuclease activity) | GO:0006308 (DNA catabolic process),IPR003154:S1/P1_nuclease,PF02265:S1/P1_Nuclease
CE10_chr7_2684373,CE10_Chr700000576,CE10_chr7,2683332,2692700,GO:0003677 (DNA binding),IPR003340:B3_DNA_binding_domain,PF02362:B3_DNA_binding_domain
CE10_chr7_28948567,NA,NA,NA,NA,NA,NA,NA
CE10_chr7_30318081,NA,NA,NA,NA,NA,NA,NA
CE10_chr7_30318160,NA,NA,NA,NA,NA,NA,NA
CE10_chr7_30384556,NA,NA,NA,NA,NA,NA,NA
CE10_chr7_30566053,NA,NA,NA,NA,NA,NA,NA
CE10_chr7_30609338,NA,NA,NA,NA,NA,NA,NA
CE10_chr7_30652811,NA,NA,NA,NA,NA,NA,NA
CE10_chr7_30907068,NA,NA,NA,NA,NA,NA,NA
CE10_chr7_30912263,NA,NA,NA,NA,NA,NA,NA
CE10_chr7_31217967,NA,NA,NA,NA,NA,NA,NA
CE10_chr7_33956812,NA,NA,NA,NA,NA,NA,NA
CE10_chr7_36569504,CE10_Chr700004333,CE10_chr7,36568177,36573889,,IPR003349:JmjN_domain,PF02375:jmjN_domain
CE10_chr7_37239373,CE10_Chr700004394,CE10_chr7,37232858,37242140,,NA,NA
CE10_chr7_3768906,NA,NA,NA,NA,NA,NA,NA
CE10_chr7_39209611,CE10_Chr700004599,CE10_chr7,39208239,39216515,,IPR001005:SANT/Myb_domain,PF00249:Myb_like_DNA_binding_domain
CE10_chr7_39808984,CE10_Chr700004684,CE10_chr7,39808679,39812692,GO:0003723 (RNA binding),IPR002942:RNA_binding_S4_domain,PF01479:S4_domain
CE10_chr7_39914579,CE10_Chr700004690,CE10_chr7,39913365,39918961,,IPR001117:Multicopper_oxidase_type_1,PF00394:Multicopper_oxidase
CE10_chr7_40352832,NA,NA,NA,NA,NA,NA,NA
CE10_chr7_40848773,CE10_Chr700004793,CE10_chr7,40847835,40849487,,NA,NA
CE10_chr7_41246261,CE10_Chr700004840,CE10_chr7,41242993,41248354,,IPR013210:Leucine_rich_repeat_containing_N_terminal_plant_type,PF08263:Leucine_rich_repeat_N_terminal_domain
CE10_chr7_41247518,CE10_Chr700004840,CE10_chr7,41242993,41248354,,IPR013210:Leucine_rich_repeat_containing_N_terminal_plant_type,PF08263:Leucine_rich_repeat_N_terminal_domain
CE10_chr7_41247693,CE10_Chr700004840,CE10_chr7,41242993,41248354,,IPR013210:Leucine_rich_repeat_containing_N_terminal_plant_type,PF08263:Leucine_rich_repeat_N_terminal_domain
CE10_chr7_41247812,CE10_Chr700004840,CE10_chr7,41242993,41248354,,IPR013210:Leucine_rich_repeat_containing_N_terminal_plant_type,PF08263:Leucine_rich_repeat_N_terminal_domain
CE10_chr7_41247828,CE10_Chr700004840,CE10_chr7,41242993,41248354,,IPR013210:Leucine_rich_repeat_containing_N_terminal_plant_type,PF08263:Leucine_rich_repeat_N_terminal_domain
CE10_chr7_41248031,CE10_Chr700004840,CE10_chr7,41242993,41248354,,IPR013210:Leucine_rich_repeat_containing_N_terminal_plant_type,PF08263:Leucine_rich_repeat_N_terminal_domain
CE10_chr7_41248137,CE10_Chr700004840,CE10_chr7,41242993,41248354,,IPR013210:Leucine_rich_repeat_containing_N_terminal_plant_type,PF08263:Leucine_rich_repeat_N_terminal_domain
CE10_chr7_41248301,CE10_Chr700004840,CE10_chr7,41242993,41248354,,IPR013210:Leucine_rich_repeat_containing_N_terminal_plant_type,PF08263:Leucine_rich_repeat_N_terminal_domain
CE10_chr7_41248417,NA,NA,NA,NA,NA,NA,NA
CE10_chr7_41250597,NA,NA,NA,NA,NA,NA,NA
CE10_chr7_41250849,CE10_Chr700004841,CE10_chr7,41250664,41253273,,IPR002885:Pentatricopeptide_repeat,PF01535:PPR_repeat
CE10_chr7_41251230,CE10_Chr700004841,CE10_chr7,41250664,41253273,,IPR002885:Pentatricopeptide_repeat,PF01535:PPR_repeat
CE10_chr7_41251302,CE10_Chr700004841,CE10_chr7,41250664,41253273,,IPR002885:Pentatricopeptide_repeat,PF01535:PPR_repeat
CE10_chr7_41251950,CE10_Chr700004841,CE10_chr7,41250664,41253273,,IPR002885:Pentatricopeptide_repeat,PF01535:PPR_repeat
CE10_chr7_41251977,CE10_Chr700004841,CE10_chr7,41250664,41253273,,IPR002885:Pentatricopeptide_repeat,PF01535:PPR_repeat
CE10_chr7_41252172,CE10_Chr700004841,CE10_chr7,41250664,41253273,,IPR002885:Pentatricopeptide_repeat,PF01535:PPR_repeat
CE10_chr7_41253054,CE10_Chr700004841,CE10_chr7,41250664,41253273,,IPR002885:Pentatricopeptide_repeat,PF01535:PPR_repeat
CE10_chr7_41253107,CE10_Chr700004841,CE10_chr7,41250664,41253273,,IPR002885:Pentatricopeptide_repeat,PF01535:PPR_repeat
CE10_chr7_41253384,NA,NA,NA,NA,NA,NA,NA
CE10_chr7_41253864,NA,NA,NA,NA,NA,NA,NA
CE10_chr7_41253902,NA,NA,NA,NA,NA,NA,NA
CE10_chr7_41253948,NA,NA,NA,NA,NA,NA,NA
CE10_chr7_41254051,NA,NA,NA,NA,NA,NA,NA
CE10_chr7_41265016,NA,NA,NA,NA,NA,NA,NA
CE10_chr7_41265797,NA,NA,NA,NA,NA,NA,NA
CE10_chr7_41265875,NA,NA,NA,NA,NA,NA,NA
CE10_chr7_41265985,CE10_Chr700004846,CE10_chr7,41265889,41267745,,IPR002885:Pentatricopeptide_repeat,PF13041:PPR_repeat_family
CE10_chr7_41266351,CE10_Chr700004846,CE10_chr7,41265889,41267745,,IPR002885:Pentatricopeptide_repeat,PF13041:PPR_repeat_family
CE10_chr7_41266369,CE10_Chr700004846,CE10_chr7,41265889,41267745,,IPR002885:Pentatricopeptide_repeat,PF13041:PPR_repeat_family
CE10_chr7_41266405,CE10_Chr700004846,CE10_chr7,41265889,41267745,,IPR002885:Pentatricopeptide_repeat,PF13041:PPR_repeat_family
CE10_chr7_41266603,CE10_Chr700004846,CE10_chr7,41265889,41267745,,IPR002885:Pentatricopeptide_repeat,PF13041:PPR_repeat_family
CE10_chr7_41267041,CE10_Chr700004846,CE10_chr7,41265889,41267745,,IPR002885:Pentatricopeptide_repeat,PF13041:PPR_repeat_family
CE10_chr7_41267491,CE10_Chr700004846,CE10_chr7,41265889,41267745,,IPR002885:Pentatricopeptide_repeat,PF13041:PPR_repeat_family
CE10_chr7_41267668,CE10_Chr700004846,CE10_chr7,41265889,41267745,,IPR002885:Pentatricopeptide_repeat,PF13041:PPR_repeat_family
CE10_chr7_41267688,CE10_Chr700004846,CE10_chr7,41265889,41267745,,IPR002885:Pentatricopeptide_repeat,PF13041:PPR_repeat_family
CE10_chr7_41267709,CE10_Chr700004846,CE10_chr7,41265889,41267745,,IPR002885:Pentatricopeptide_repeat,PF13041:PPR_repeat_family
CE10_chr7_41267789,NA,NA,NA,NA,NA,NA,NA
CE10_chr7_41267876,NA,NA,NA,NA,NA,NA,NA
CE10_chr7_41271416,CE10_Chr700004847,CE10_chr7,41269446,41275383,,IPR041470:Gamma_tubulin_complex_component_protein_N_terminal,PF17681:Gamma_tubulin_complex_component_N_terminal
CE10_chr7_41430616,NA,NA,NA,NA,NA,NA,NA
CE10_chr7_43031165,NA,NA,NA,NA,NA,NA,NA
CE10_chr7_4500398,CE10_Chr700000957,CE10_chr7,4497643,4503164,,IPR021720:Malectin_domain,PF11721:Malectin_domain
CE10_chr7_45545835,NA,NA,NA,NA,NA,NA,NA
CE10_chr7_4616741,NA,NA,NA,NA,NA,NA,NA
CE10_chr7_560265,NA,NA,NA,NA,NA,NA,NA
CE10_chr7_8719138,CE10_Chr700001677,CE10_chr7,8719126,8722254,GO:0003700 (DNA-binding transcription factor activity) | GO:0006355 (regulation of DNA-templated transcription),IPR004827:Basic_leucine_zipper_domain,PF00170:bZIP_transcription_factor
CE10_chr7_8929195,CE10_Chr700001720,CE10_chr7,8927687,8930844,GO:0006508 (proteolysis) | GO:0008236 (serine-type peptidase activity),IPR000209:Peptidase_S8/S53_domain,PF00082:Subtilase_family
CE10_chr7_982306,CE10_Chr700000215,CE10_chr7,976677,987734,GO:0005524 (ATP binding),IPR003439:ABC_transporter_like_ATP_binding_domain,PF00005:ABC_transporter
CE10_chr7_982905,CE10_Chr700000215,CE10_chr7,976677,987734,GO:0005524 (ATP binding),IPR003439:ABC_transporter_like_ATP_binding_domain,PF00005:ABC_transporter
CE10_chr7_9883449,CE10_Chr700001875,CE10_chr7,9880206,9884107,,_:_,PF03121:Herpesviridae_UL52/UL70_DNA_primase
CE10_chr8_10079268,NA,NA,NA,NA,NA,NA,NA
CE10_chr8_1037756,NA,NA,NA,NA,NA,NA,NA
CE10_chr8_10427481,NA,NA,NA,NA,NA,NA,NA
CE10_chr8_1059020,CE10_Chr800000242,CE10_chr8,1057514,1061383,,IPR001763:Rhodanese_like_domain,PF00581:Rhodanese_like_domain
CE10_chr8_11198066,CE10_Chr800001816,CE10_chr8,11195287,11203304,,IPR032308:Tify_domain_binding_domain,PF16135:Tify_domain_binding_domain
CE10_chr8_11198607,CE10_Chr800001816,CE10_chr8,11195287,11203304,,IPR032308:Tify_domain_binding_domain,PF16135:Tify_domain_binding_domain
CE10_chr8_11199155,CE10_Chr800001816,CE10_chr8,11195287,11203304,,IPR032308:Tify_domain_binding_domain,PF16135:Tify_domain_binding_domain
CE10_chr8_11199776,CE10_Chr800001816,CE10_chr8,11195287,11203304,,IPR032308:Tify_domain_binding_domain,PF16135:Tify_domain_binding_domain
CE10_chr8_11200808,CE10_Chr800001816,CE10_chr8,11195287,11203304,,IPR032308:Tify_domain_binding_domain,PF16135:Tify_domain_binding_domain
CE10_chr8_11203089,CE10_Chr800001816,CE10_chr8,11195287,11203304,,IPR032308:Tify_domain_binding_domain,PF16135:Tify_domain_binding_domain
CE10_chr8_11203297,CE10_Chr800001816,CE10_chr8,11195287,11203304,,IPR032308:Tify_domain_binding_domain,PF16135:Tify_domain_binding_domain
CE10_chr8_11203347,NA,NA,NA,NA,NA,NA,NA
CE10_chr8_1300847,NA,NA,NA,NA,NA,NA,NA
CE10_chr8_15704151,NA,NA,NA,NA,NA,NA,NA
CE10_chr8_1673324,NA,NA,NA,NA,NA,NA,NA
CE10_chr8_1695953,CE10_Chr800000384,CE10_chr8,1694079,1696777,,IPR004176:Clp__repeat_(R)_domain,PF02861:Clp_amino_terminal_domain_pathogenicity_island_component
CE10_chr8_17188251,NA,NA,NA,NA,NA,NA,NA
CE10_chr8_17188313,NA,NA,NA,NA,NA,NA,NA
CE10_chr8_17188324,NA,NA,NA,NA,NA,NA,NA
CE10_chr8_17192744,NA,NA,NA,NA,NA,NA,NA
CE10_chr8_17194108,CE10_Chr800002532,CE10_chr8,17193557,17196502,"GO:0004553 (hydrolase activity, hydrolyzing O-glycosyl compounds) | GO:0005975 (carbohydrate metabolic process)",IPR002772:Glycoside_hydrolase_family_3_C_terminal_domain,PF01915:Glycosyl_hydrolase_family_3_C_terminal_domain
CE10_chr8_17195963,CE10_Chr800002532,CE10_chr8,17193557,17196502,"GO:0004553 (hydrolase activity, hydrolyzing O-glycosyl compounds) | GO:0005975 (carbohydrate metabolic process)",IPR002772:Glycoside_hydrolase_family_3_C_terminal_domain,PF01915:Glycosyl_hydrolase_family_3_C_terminal_domain
CE10_chr8_18176200,NA,NA,NA,NA,NA,NA,NA
CE10_chr8_18229212,NA,NA,NA,NA,NA,NA,NA
CE10_chr8_18231055,NA,NA,NA,NA,NA,NA,NA
CE10_chr8_18493489,NA,NA,NA,NA,NA,NA,NA
CE10_chr8_1880478,CE10_Chr800000420,CE10_chr8,1880436,1883087,"GO:0004553 (hydrolase activity, hydrolyzing O-glycosyl compounds) | GO:0005975 (carbohydrate metabolic process)",IPR002772:Glycoside_hydrolase_family_3_C_terminal_domain,PF01915:Glycosyl_hydrolase_family_3_C_terminal_domain
CE10_chr8_18837165,NA,NA,NA,NA,NA,NA,NA
CE10_chr8_18938069,NA,NA,NA,NA,NA,NA,NA
CE10_chr8_18942814,NA,NA,NA,NA,NA,NA,NA
CE10_chr8_18943342,NA,NA,NA,NA,NA,NA,NA
CE10_chr8_18945288,NA,NA,NA,NA,NA,NA,NA
CE10_chr8_18945324,NA,NA,NA,NA,NA,NA,NA
CE10_chr8_18977703,NA,NA,NA,NA,NA,NA,NA
CE10_chr8_18977850,NA,NA,NA,NA,NA,NA,NA
CE10_chr8_18982060,NA,NA,NA,NA,NA,NA,NA
CE10_chr8_2514047,CE10_Chr800000538,CE10_chr8,2510329,2518679,GO:0003723 (RNA binding),IPR000504:RNA_recognition_motif_domain,PF00076:RNA_recognition_motif_(a.k.a_RRM_RBD_or_RNP_domain)
CE10_chr8_3157148,NA,NA,NA,NA,NA,NA,NA
CE10_chr8_355269,NA,NA,NA,NA,NA,NA,NA
CE10_chr8_37503329,NA,NA,NA,NA,NA,NA,NA
CE10_chr8_4009923,CE10_Chr800000809,CE10_chr8,4008795,4010878,,IPR007679:Domain_of_unknown_function_DUF569,PF04601:Domain_of_unknown_function_(DUF569)
CE10_chr8_4027355,NA,NA,NA,NA,NA,NA,NA
CE10_chr8_4030884,NA,NA,NA,NA,NA,NA,NA
CE10_chr8_40341188,NA,NA,NA,NA,NA,NA,NA
CE10_chr8_4036149,NA,NA,NA,NA,NA,NA,NA
CE10_chr8_4186577,CE10_Chr800000845,CE10_chr8,4185521,4188269,GO:0005515 (protein binding),IPR001611:Leucine_rich_repeat,PF13855:Leucine_rich_repeat
CE10_chr8_46543424,NA,NA,NA,NA,NA,NA,NA
CE10_chr8_47308615,NA,NA,NA,NA,NA,NA,NA
CE10_chr8_47309276,NA,NA,NA,NA,NA,NA,NA
CE10_chr8_47310324,NA,NA,NA,NA,NA,NA,NA
CE10_chr8_47310455,NA,NA,NA,NA,NA,NA,NA
CE10_chr8_47310986,NA,NA,NA,NA,NA,NA,NA
CE10_chr8_47312061,NA,NA,NA,NA,NA,NA,NA
CE10_chr8_47752251,CE10_Chr800004684,CE10_chr8,47751764,47754753,GO:0006506 (GPI anchor biosynthetic process),IPR013234:PIGA_GPI_anchor_biosynthesis,PF08288:PIGA_(GPI_anchor_biosynthesis)
CE10_chr8_47952724,CE10_Chr800004718,CE10_chr8,47952226,47955957,,IPR015016:Splicing_factor_3B_subunit_1,PF08920:Splicing_factor_3B_subunit_1
CE10_chr8_50142552,NA,NA,NA,NA,NA,NA,NA
CE10_chr8_5415315,NA,NA,NA,NA,NA,NA,NA
CE10_chr8_5424868,NA,NA,NA,NA,NA,NA,NA
CE10_chr8_6814984,CE10_Chr800001245,CE10_chr8,6814496,6818729,,IPR032678:tRNA_synthetases_class_I_catalytic_domain,PF01406:tRNA_synthetases_class_I_(C)_catalytic_domain
CE10_chr8_6815151,CE10_Chr800001245,CE10_chr8,6814496,6818729,,IPR032678:tRNA_synthetases_class_I_catalytic_domain,PF01406:tRNA_synthetases_class_I_(C)_catalytic_domain
CE10_chr8_6816036,CE10_Chr800001245,CE10_chr8,6814496,6818729,,IPR032678:tRNA_synthetases_class_I_catalytic_domain,PF01406:tRNA_synthetases_class_I_(C)_catalytic_domain
CE10_chr8_7690937,CE10_Chr800001347,CE10_chr8,7688572,7691283,GO:0016020 (membrane) | GO:0016021 (NA),IPR000620:EamA_domain,PF00892:EamA_like_transporter_family
CE10_chr8_887918,NA,NA,NA,NA,NA,NA,NA
